Design,Category,Color,Size,Material,Price,Year
Pashmina,Dress,White,XS,Nylon,358,2022
Narayanpet,Jeans,Black,XS,Silk,976,2024
Kantha,Dress,Red,M,Wool,818,2020
Seersucker,Shoes,Green,M,Cotton,849,2022
Jamdani,Sweater,White,M,Nylon,443,2022
Gadwal,Jacket,Red,XL,Nylon,645,2024
Pashmina,Jacket,Red,XXL,Polyester,800,2020
Sanganeri,Dress,Red,XS,Denim,866,2020
Muga,Dress,Black,S,Wool,807,2022
Bandhani,Jeans,Yellow,L,Wool,720,2021
Bandhani,Jacket,White,XL,Silk,974,2022
Eri,Jacket,White,XL,Silk,929,2022
Sambalpuri,Jacket,White,S,Nylon,423,2022
Shatoosh,T-shirt,Blue,XL,Polyester,872,2022
Eri,Jacket,Green,S,Nylon,806,2024
Chanderi,Jacket,Green,XXL,Silk,630,2020
Paithani,Jeans,Red,S,Cotton,363,2024
Patola,Shoes,Blue,XS,Polyester,840,2024
Eri,Jeans,Yellow,XL,Denim,489,2024
Gingham,Shoes,Blue,XL,Wool,499,2022
Chettinad,Sweater,Blue,L,Cotton,651,2021
Kullu Shawl,Jeans,Green,S,Cotton,675,2020
Patola,Jacket,Black,L,Denim,464,2021
Gadwal,Jacket,Red,XXL,Wool,494,2024
Kasavu,Jacket,Black,L,Denim,326,2024
Leheriya,Jeans,White,XXL,Nylon,360,2021
Paithani,Dress,Green,L,Polyester,721,2021
Gingham,Shoes,Blue,M,Cotton,1000,2021
Tussar,T-shirt,Red,XS,Denim,490,2024
Damask,Sweater,Yellow,S,Denim,583,2024
Kosa,Dress,Yellow,XL,Nylon,256,2020
Madras Checks,T-shirt,Blue,M,Wool,534,2020
Venkatagiri,Jeans,Black,M,Nylon,431,2024
Ajrakh,Shoes,Black,M,Cotton,761,2021
Kantha,Sweater,Red,XL,Polyester,451,2021
Paisley,Sweater,White,M,Polyester,634,2020
Gingham,Jeans,Green,M,Wool,944,2024
Chanderi,Shoes,Black,XL,Nylon,318,2020
Kotpad,Dress,Yellow,XS,Silk,861,2020
Baluchari,T-shirt,Yellow,XXL,Polyester,578,2022
Gadwal,Jacket,Yellow,M,Silk,532,2022
Kalamkari,Shoes,White,S,Nylon,635,2022
Pashmina,Jacket,Black,XS,Nylon,462,2021
Dabu,Shoes,Blue,XL,Silk,981,2024
Banarasi,T-shirt,Black,XS,Wool,667,2024
Tussar,Jacket,Black,XS,Silk,748,2024
Zardozi,Dress,Red,L,Cotton,624,2024
Jacquard,Shoes,Green,XL,Silk,607,2022
Kalamkari,Jeans,White,XS,Silk,907,2021
Bhagalpuri,Shoes,Black,XL,Wool,336,2021
Patola,Jacket,Black,XXL,Cotton,822,2022
Maheshwari,Jeans,Green,M,Nylon,880,2021
Venkatagiri,Shoes,Yellow,XL,Cotton,592,2022
Paisley,Jacket,White,XS,Silk,630,2024
Baluchari,Jacket,Green,XL,Denim,746,2022
Gingham,Sweater,Black,L,Nylon,908,2024
Jamdani,Jacket,Blue,XXL,Wool,816,2024
Paisley,Sweater,Red,L,Nylon,750,2020
Bomkai,T-shirt,Red,L,Wool,634,2022
Zardozi,Jacket,Green,XXL,Silk,690,2020
Bagru,Shoes,Green,XXL,Cotton,254,2022
Sambalpuri,Jacket,Yellow,XXL,Cotton,427,2022
Jacquard,Jacket,Red,XL,Cotton,617,2020
Shatoosh,Sweater,Green,XS,Denim,378,2020
Banarasi,Jacket,White,M,Cotton,293,2022
Patola,Dress,Black,S,Cotton,828,2021
Pochampally,T-shirt,Black,M,Polyester,251,2024
Madras Checks,Jeans,Blue,XXL,Silk,278,2020
Banarasi,Shoes,White,L,Cotton,707,2024
Narayanpet,Jeans,Blue,XXL,Denim,753,2021
Dabu,Sweater,White,XS,Cotton,723,2021
Bhagalpuri,Shoes,Green,XXL,Wool,982,2021
Gingham,T-shirt,Yellow,XXL,Silk,764,2020
Pattu,T-shirt,Yellow,XL,Wool,870,2021
Phulkari,Jeans,Yellow,XL,Cotton,395,2020
Sambalpuri,Sweater,White,XS,Silk,715,2021
Zardozi,Dress,Yellow,XS,Silk,653,2024
Ilkal,T-shirt,Red,XXL,Silk,888,2024
Toile,Shoes,White,L,Nylon,987,2022
Kantha,Jeans,White,L,Polyester,509,2024
Jamdani,Dress,Yellow,XS,Polyester,944,2022
Zardozi,Dress,Blue,L,Cotton,371,2024
Muga,Dress,White,XXL,Polyester,833,2020
Shatoosh,Shoes,Blue,S,Silk,937,2024
Gadwal,Jacket,White,XXL,Nylon,600,2022
Ajrakh,Dress,Red,XL,Polyester,639,2022
Tartan,Dress,Green,L,Polyester,547,2021
Dabu,Shoes,Black,L,Nylon,774,2020
Paisley,Jeans,Blue,L,Wool,730,2024
Eri,Sweater,Blue,XS,Cotton,770,2021
Bhagalpuri,Jacket,White,XXL,Silk,330,2024
Tussar,Jeans,Red,XXL,Denim,283,2024
Tartan,Shoes,Blue,S,Nylon,301,2021
Harris Tweed,Jeans,Black,XXL,Wool,354,2021
Narayanpet,Dress,Red,L,Denim,761,2021
Kantha,Jacket,Yellow,S,Cotton,860,2021
Tartan,Sweater,Yellow,S,Wool,931,2021
Ikat,Sweater,Yellow,XS,Cotton,564,2024
Tussar,Jeans,Black,L,Polyester,797,2021
Baluchari,Jacket,Green,S,Nylon,397,2020
Kalamkari,Jeans,Blue,L,Cotton,748,2022
Eri,Shoes,Black,L,Nylon,518,2021
Ikat,Jeans,Green,XXL,Nylon,418,2021
Gingham,Sweater,Red,M,Denim,937,2024
Jamdani,Sweater,Black,XL,Wool,503,2021
Eri,Jeans,Red,L,Silk,973,2021
Bandhani,Sweater,Green,XXL,Wool,942,2021
Bagru,Shoes,Black,XS,Denim,419,2024
Jamdani,Sweater,Blue,XXL,Wool,568,2021
Bomkai,Dress,Green,XL,Silk,715,2022
Bomkai,Dress,Blue,XS,Denim,585,2024
Kasavu,T-shirt,Red,XS,Silk,610,2022
Kanjeevaram,Shoes,Blue,XS,Wool,287,2024
Madras Checks,T-shirt,Black,M,Nylon,806,2021
Pashmina,Jeans,Black,XL,Polyester,590,2022
Harris Tweed,Jeans,Yellow,XS,Silk,576,2024
Venkatagiri,Jeans,White,XXL,Polyester,437,2020
Baluchari,Jeans,Blue,XXL,Nylon,262,2021
Kalamkari,Sweater,Yellow,M,Silk,635,2024
Jamdani,T-shirt,Green,XL,Cotton,592,2020
Leheriya,Jeans,Red,XXL,Cotton,905,2024
Pattu,Dress,Green,XS,Wool,728,2020
Kasavu,Sweater,White,XS,Polyester,470,2021
Toile,T-shirt,Red,L,Cotton,945,2022
Muga,Shoes,White,XL,Wool,831,2020
Eri,Sweater,Blue,XXL,Wool,358,2024
Kotpad,Jacket,Black,S,Wool,785,2021
Bomkai,Jeans,Blue,XS,Denim,361,2020
Gingham,Dress,Red,XS,Nylon,918,2024
Shatoosh,Shoes,Yellow,XS,Polyester,811,2024
Paithani,T-shirt,Red,L,Silk,478,2024
Kosa,Sweater,Yellow,XXL,Wool,591,2020
Bomkai,T-shirt,Green,L,Silk,716,2020
Ikat,Jacket,Black,L,Cotton,514,2020
Bomkai,Dress,Green,XL,Nylon,416,2022
Kotpad,Shoes,Blue,M,Denim,850,2020
Paisley,Sweater,White,XL,Silk,721,2020
Zardozi,Shoes,Yellow,M,Wool,640,2020
Chanderi,Jacket,Yellow,S,Nylon,726,2022
Ikat,Dress,Green,XL,Wool,587,2020
Kanjeevaram,Jeans,Black,XXL,Nylon,853,2024
Bhagalpuri,T-shirt,Black,XXL,Silk,984,2020
Zardozi,Jacket,Green,XXL,Silk,691,2024
Pashmina,Shoes,Black,XXL,Cotton,309,2024
Kosa,Shoes,Blue,XS,Denim,673,2024
Kalamkari,T-shirt,White,S,Polyester,374,2022
Kantha,T-shirt,Red,XS,Denim,392,2022
Kantha,Jacket,Yellow,M,Wool,834,2022
Bhagalpuri,Jacket,White,L,Wool,832,2020
Madras Checks,Sweater,Yellow,M,Cotton,284,2024
Chikankari,Dress,Yellow,XL,Denim,321,2022
Mysore Silk,Shoes,Red,XXL,Nylon,897,2022
Pashmina,Jeans,Blue,S,Denim,294,2020
Damask,Dress,Green,XXL,Nylon,712,2022
Mysore Silk,Shoes,Black,S,Silk,365,2020
Banarasi,Shoes,Black,S,Silk,582,2021
Chettinad,Jeans,Red,M,Wool,707,2022
Kotpad,Jeans,Yellow,XL,Polyester,343,2021
Muga,Sweater,Black,L,Wool,952,2020
Pashmina,Dress,Green,S,Denim,255,2024
Tartan,Jacket,Black,L,Nylon,723,2022
Kantha,T-shirt,Yellow,S,Polyester,952,2020
Seersucker,Shoes,White,S,Polyester,503,2024
Narayanpet,Sweater,Green,M,Cotton,912,2024
Sambalpuri,Sweater,Yellow,XS,Silk,260,2021
Chikankari,Sweater,Yellow,S,Polyester,940,2020
Mysore Silk,Jacket,Red,XS,Denim,296,2024
Baluchari,Shoes,Yellow,M,Wool,416,2022
Paithani,T-shirt,Green,S,Nylon,903,2022
Venkatagiri,Jeans,Red,XXL,Silk,579,2021
Patola,Shoes,Red,XL,Denim,767,2024
Madras Checks,Jacket,Green,S,Wool,468,2020
Tartan,Dress,Red,S,Nylon,424,2022
Pochampally,Dress,Green,XL,Wool,855,2024
Venkatagiri,Jacket,Black,XL,Wool,600,2024
Venkatagiri,Sweater,Red,S,Silk,513,2021
Gingham,Jacket,Black,L,Nylon,419,2022
Gingham,Shoes,Red,M,Wool,527,2022
Maheshwari,T-shirt,Yellow,XXL,Polyester,939,2020
Chettinad,Shoes,White,L,Denim,905,2022
Bandhani,Jeans,Green,XXL,Denim,449,2020
Venkatagiri,Jeans,Yellow,S,Silk,710,2022
Tussar,Jeans,Black,XXL,Cotton,582,2021
Pashmina,Shoes,Green,XS,Polyester,708,2022
Kasavu,Jeans,Green,XL,Nylon,451,2020
Ikat,Sweater,White,XXL,Denim,598,2020
Kosa,Shoes,Black,XXL,Polyester,818,2021
Chikankari,Shoes,Green,XL,Wool,672,2022
Harris Tweed,Dress,Green,XS,Cotton,755,2022
Chanderi,Dress,Red,M,Silk,710,2021
Pashmina,Jacket,Blue,XXL,Denim,949,2022
Pochampally,Jeans,Yellow,M,Cotton,299,2022
Jamdani,Dress,Blue,S,Denim,657,2020
Kosa,T-shirt,Green,S,Polyester,801,2022
Kalamkari,Jacket,White,XL,Cotton,820,2022
Kotpad,Sweater,White,XS,Nylon,882,2021
Kasavu,Dress,Blue,XS,Denim,921,2021
Madras Checks,Jeans,White,L,Wool,410,2024
Gingham,Sweater,White,M,Wool,951,2020
Eri,T-shirt,Red,XXL,Nylon,302,2022
Kantha,T-shirt,Black,M,Wool,352,2022
Mysore Silk,T-shirt,Black,S,Silk,402,2024
Mysore Silk,Sweater,Blue,S,Wool,340,2022
Eri,Shoes,Red,M,Wool,701,2020
Harris Tweed,Dress,White,L,Denim,664,2024
Damask,Dress,White,S,Polyester,905,2020
Damask,Shoes,Black,S,Cotton,762,2024
Leheriya,Shoes,Blue,XXL,Wool,911,2024
Pashmina,Jeans,Blue,L,Polyester,657,2021
Patola,Shoes,Yellow,XXL,Nylon,401,2020
Chanderi,Sweater,Red,XXL,Denim,711,2022
Damask,Dress,Yellow,XL,Silk,550,2022
Kotpad,Shoes,Blue,M,Nylon,389,2020
Damask,Jacket,Yellow,XS,Silk,960,2022
Bagru,Jeans,White,XS,Polyester,892,2022
Damask,Dress,Yellow,XS,Nylon,746,2020
Patola,Jacket,Blue,XS,Polyester,931,2024
Patola,Jeans,Black,XS,Silk,721,2020
Venkatagiri,T-shirt,Green,XL,Wool,691,2024
Muga,T-shirt,Black,M,Polyester,724,2022
Kotpad,Jacket,White,S,Cotton,736,2022
Mysore Silk,T-shirt,Red,XS,Wool,659,2022
Kasavu,Jacket,Black,L,Wool,461,2021
Ikat,Jeans,White,XS,Cotton,475,2024
Sanganeri,Dress,Blue,XL,Nylon,390,2021
Patola,Jeans,Yellow,M,Cotton,769,2021
Gingham,Jacket,Red,L,Denim,621,2020
Bhagalpuri,Sweater,Red,XS,Wool,538,2021
Mysore Silk,Sweater,Red,XL,Nylon,615,2020
Pochampally,Shoes,Yellow,XS,Nylon,533,2020
Mysore Silk,Shoes,White,XS,Silk,716,2021
Banarasi,Shoes,Black,L,Cotton,902,2024
Bandhani,Jacket,Yellow,XL,Wool,784,2024
Bagru,T-shirt,White,M,Polyester,801,2024
Kullu Shawl,Jacket,Green,XL,Silk,793,2024
Eri,Shoes,Red,M,Denim,301,2024
Kanjeevaram,Dress,Blue,M,Denim,949,2021
Pattu,Jeans,Yellow,M,Polyester,708,2021
Pochampally,Jacket,Red,M,Nylon,558,2022
Paithani,Shoes,Yellow,XL,Wool,525,2024
Bandhani,Dress,White,L,Denim,974,2021
Toile,Sweater,Yellow,M,Denim,946,2022
Ajrakh,Jacket,Black,S,Wool,827,2024
Kasavu,T-shirt,Yellow,M,Cotton,429,2020
Kalamkari,Shoes,White,S,Wool,671,2022
Pochampally,Jacket,Blue,XS,Wool,607,2021
Ajrakh,Shoes,Green,M,Cotton,792,2020
Narayanpet,Sweater,Green,S,Cotton,539,2020
Chanderi,Shoes,Yellow,M,Wool,380,2020
Maheshwari,Shoes,Yellow,XL,Wool,632,2022
Sambalpuri,Dress,Yellow,L,Silk,420,2021
Sanganeri,Jacket,Green,XS,Polyester,345,2020
Bhagalpuri,Jacket,White,L,Silk,583,2024
Chanderi,Shoes,White,L,Silk,839,2020
Sanganeri,T-shirt,Yellow,XL,Nylon,901,2020
Maheshwari,Jacket,White,XXL,Wool,644,2022
Mysore Silk,Jeans,Black,S,Silk,382,2022
Baluchari,Jacket,Yellow,XS,Wool,777,2021
Harris Tweed,Dress,Blue,L,Silk,342,2024
Kasavu,Jeans,Blue,M,Nylon,758,2022
Shatoosh,T-shirt,Green,XXL,Wool,997,2020
Pashmina,Dress,Blue,S,Polyester,852,2021
Dabu,T-shirt,Green,XS,Nylon,461,2020
Shatoosh,Jacket,White,L,Cotton,898,2020
Ikat,Jacket,Blue,XXL,Polyester,500,2022
Bandhani,Jacket,Green,L,Denim,418,2021
Venkatagiri,Sweater,Red,S,Denim,336,2024
Tussar,Sweater,Blue,M,Silk,294,2024
Jacquard,Sweater,White,L,Wool,366,2022
Muga,Jeans,Yellow,XL,Wool,795,2022
Ilkal,Sweater,Green,XL,Polyester,979,2021
Chettinad,Shoes,Green,XXL,Cotton,617,2024
Madras Checks,Shoes,Black,S,Wool,789,2024
Bomkai,Jacket,Red,XS,Denim,899,2024
Baluchari,Jacket,Red,S,Cotton,280,2020
Ajrakh,T-shirt,White,XXL,Cotton,588,2024
Bhagalpuri,Dress,White,S,Nylon,420,2020
Toile,Dress,Yellow,XS,Polyester,651,2021
Damask,Jeans,Green,XS,Polyester,917,2020
Patola,Dress,Red,XS,Polyester,510,2021
Ikat,Jeans,Red,M,Denim,772,2024
Toile,T-shirt,Black,L,Silk,410,2024
Leheriya,Jacket,White,S,Polyester,927,2021
Kanjeevaram,Jacket,Yellow,XL,Wool,419,2022
Kotpad,Jeans,White,XS,Wool,528,2021
Mysore Silk,Sweater,Yellow,XS,Polyester,832,2022
Kalamkari,T-shirt,Red,XS,Wool,326,2020
Harris Tweed,Shoes,Blue,L,Nylon,852,2020
Bomkai,Jacket,Black,XL,Silk,524,2020
Sanganeri,Jacket,Blue,XXL,Denim,645,2024
Toile,T-shirt,Black,XXL,Silk,428,2020
Ajrakh,Shoes,Blue,S,Cotton,302,2022
Chanderi,Shoes,Yellow,L,Cotton,633,2020
Maheshwari,Jeans,White,M,Denim,806,2021
Eri,Sweater,White,XXL,Silk,610,2021
Kasavu,Jeans,White,XXL,Polyester,658,2024
Eri,T-shirt,Green,XL,Polyester,782,2021
Bandhani,Dress,Yellow,XL,Nylon,478,2022
Damask,Jeans,Red,M,Denim,470,2020
Jamdani,Dress,Blue,S,Denim,877,2024
Sambalpuri,T-shirt,White,XL,Silk,686,2020
Kullu Shawl,Shoes,Red,XS,Denim,277,2020
Shatoosh,Dress,Yellow,S,Wool,952,2022
Maheshwari,Jacket,White,XXL,Wool,386,2021
Bomkai,Dress,Blue,XXL,Cotton,999,2021
Toile,Sweater,Black,L,Denim,681,2020
Tussar,Sweater,Green,M,Silk,849,2024
Bomkai,T-shirt,White,XS,Cotton,872,2021
Tussar,Sweater,Yellow,XS,Nylon,438,2024
Narayanpet,Shoes,Yellow,XS,Denim,905,2021
Dabu,Shoes,Green,L,Cotton,400,2024
Houndstooth,Dress,Yellow,XS,Nylon,904,2022
Dabu,Jacket,Blue,XL,Silk,337,2024
Patola,T-shirt,Blue,XS,Nylon,733,2022
Bomkai,Jeans,Yellow,S,Cotton,503,2022
Ajrakh,Jacket,Blue,XL,Denim,572,2024
Harris Tweed,Jeans,Yellow,XS,Silk,301,2022
Sambalpuri,T-shirt,White,XXL,Cotton,969,2020
Kasavu,Jeans,Yellow,L,Wool,620,2022
Banarasi,Jacket,Black,XS,Denim,970,2021
Kasavu,Sweater,Green,L,Polyester,395,2024
Zardozi,T-shirt,Blue,XL,Nylon,803,2020
Gadwal,Sweater,Green,XL,Nylon,738,2024
Toile,Sweater,White,XL,Denim,819,2021
Maheshwari,Sweater,Black,XL,Polyester,405,2021
Jamdani,Jacket,Red,L,Denim,556,2021
Baluchari,Shoes,Yellow,S,Nylon,763,2022
Chanderi,Dress,Blue,L,Nylon,997,2022
Bagru,Sweater,Red,L,Denim,699,2024
Kasavu,Dress,Red,XS,Wool,749,2024
Toile,T-shirt,Blue,XS,Denim,288,2020
Leheriya,Jeans,White,L,Silk,266,2020
Paithani,Sweater,Red,M,Denim,961,2024
Paithani,Shoes,White,S,Nylon,458,2022
Houndstooth,Dress,White,XL,Wool,803,2021
Chettinad,T-shirt,Yellow,XL,Denim,829,2024
Kullu Shawl,Jacket,White,XL,Nylon,980,2020
Kullu Shawl,Shoes,White,XS,Denim,436,2022
Tartan,Shoes,Yellow,XS,Silk,771,2024
Jamdani,T-shirt,White,S,Wool,915,2024
Kosa,Jacket,Yellow,XXL,Nylon,383,2022
Kosa,Jeans,Black,S,Wool,378,2024
Pattu,Jeans,Red,L,Denim,398,2022
Gadwal,Shoes,Yellow,XS,Denim,905,2021
Chettinad,Dress,Black,XL,Polyester,704,2022
Kasavu,Jacket,Yellow,L,Nylon,348,2022
Venkatagiri,Jacket,Yellow,M,Cotton,850,2022
Paisley,Shoes,Blue,M,Silk,823,2024
Kasavu,Jeans,Yellow,XXL,Denim,414,2024
Kanjeevaram,Shoes,Yellow,S,Nylon,449,2022
Toile,Shoes,Yellow,XS,Denim,512,2024
Sanganeri,T-shirt,Yellow,XS,Nylon,302,2020
Banarasi,T-shirt,Yellow,M,Cotton,530,2020
Bomkai,Dress,Green,S,Wool,549,2024
Damask,Jeans,Green,S,Silk,960,2024
Bagru,Jeans,Black,XS,Cotton,411,2022
Gingham,Sweater,White,XXL,Silk,322,2021
Venkatagiri,Shoes,Black,XS,Nylon,401,2024
Chettinad,Dress,Black,M,Silk,740,2020
Narayanpet,Jeans,Green,XXL,Wool,670,2022
Houndstooth,Sweater,White,XL,Polyester,680,2024
Pochampally,Jacket,Black,S,Silk,675,2020
Bomkai,Shoes,Blue,XS,Polyester,438,2020
Harris Tweed,Sweater,Red,XXL,Wool,963,2021
Kotpad,Jeans,Blue,XXL,Cotton,275,2022
Eri,T-shirt,Red,S,Denim,770,2022
Narayanpet,Dress,White,XXL,Silk,422,2021
Damask,Jacket,Red,XL,Silk,949,2021
Houndstooth,Shoes,Yellow,M,Silk,490,2022
Ilkal,T-shirt,Black,XL,Silk,765,2022
Bomkai,Dress,Red,M,Polyester,545,2024
Kasavu,Jacket,Yellow,S,Wool,491,2024
Gadwal,Jacket,Blue,L,Polyester,864,2021
Mysore Silk,Shoes,Yellow,S,Nylon,464,2024
Muga,Shoes,Red,L,Nylon,524,2020
Kasavu,Jeans,Yellow,XXL,Cotton,668,2024
Chanderi,Sweater,Yellow,S,Cotton,392,2024
Dabu,Shoes,Blue,XXL,Silk,505,2020
Tussar,T-shirt,Blue,XL,Nylon,907,2021
Madras Checks,Shoes,White,M,Polyester,270,2020
Ilkal,Sweater,Red,S,Wool,434,2024
Chanderi,Jeans,White,XXL,Nylon,525,2021
Shatoosh,Jeans,White,XS,Nylon,944,2024
Houndstooth,T-shirt,Yellow,M,Polyester,740,2020
Eri,Jacket,Green,XL,Nylon,450,2020
Jacquard,Dress,Yellow,S,Denim,642,2024
Mysore Silk,Jacket,Red,XXL,Polyester,544,2022
Paisley,Sweater,Green,M,Denim,352,2022
Paithani,Shoes,White,XS,Polyester,525,2020
Muga,T-shirt,Yellow,M,Polyester,311,2020
Patola,Jeans,Blue,S,Polyester,269,2022
Kosa,Shoes,Red,XS,Nylon,554,2022
Madras Checks,Jacket,Yellow,S,Nylon,618,2024
Patola,T-shirt,Blue,L,Wool,377,2024
Bhagalpuri,Dress,Red,M,Cotton,395,2022
Bagru,Shoes,Green,XXL,Denim,537,2024
Shatoosh,Jeans,Green,XS,Wool,642,2024
Kasavu,Jacket,Red,S,Denim,947,2021
Kalamkari,Jeans,White,L,Polyester,567,2024
Seersucker,Sweater,Blue,S,Silk,414,2020
Toile,Dress,Green,S,Wool,755,2024
Pashmina,Shoes,White,M,Silk,327,2024
Narayanpet,Dress,Red,M,Silk,654,2022
Madras Checks,Dress,Yellow,L,Denim,877,2020
Bhagalpuri,Sweater,Red,XXL,Denim,322,2024
Bomkai,Jacket,Red,M,Nylon,428,2024
Jacquard,Shoes,Red,XS,Polyester,348,2021
Tussar,Jacket,Blue,XXL,Cotton,318,2024
Eri,Jacket,Black,L,Denim,522,2024
Chikankari,Jacket,White,M,Cotton,435,2021
Baluchari,Jacket,Yellow,XXL,Cotton,468,2022
Sambalpuri,T-shirt,Blue,XL,Cotton,464,2024
Tartan,Sweater,Red,XS,Cotton,276,2021
Maheshwari,Dress,Yellow,S,Silk,685,2020
Ikat,Jacket,Blue,XS,Silk,792,2022
Jamdani,Jacket,Green,XS,Silk,622,2020
Houndstooth,Dress,Yellow,XXL,Polyester,828,2020
Ajrakh,Dress,White,XS,Wool,407,2021
Zardozi,T-shirt,Black,XL,Denim,736,2024
Leheriya,Sweater,Black,XS,Nylon,561,2021
Muga,Jeans,Yellow,XL,Silk,554,2021
Kantha,Shoes,Yellow,XL,Polyester,864,2021
Venkatagiri,T-shirt,White,M,Polyester,312,2021
Pattu,Jeans,Red,XL,Denim,747,2022
Patola,T-shirt,Red,XL,Nylon,861,2024
Mysore Silk,Sweater,White,XXL,Cotton,379,2020
Muga,Sweater,Red,XXL,Polyester,506,2020
Paithani,Jeans,Yellow,L,Wool,421,2024
Tussar,Jacket,Black,XL,Wool,427,2020
Paithani,Shoes,Green,XXL,Wool,276,2024
Paithani,Jacket,Black,XS,Polyester,908,2020
Damask,Jacket,Red,S,Polyester,522,2021
Madras Checks,Jeans,Blue,XL,Denim,660,2020
Pochampally,Jacket,Black,XL,Polyester,954,2024
Kantha,Dress,Red,M,Polyester,478,2024
Seersucker,Dress,White,XXL,Wool,572,2024
Kotpad,Sweater,Yellow,M,Denim,513,2024
Kasavu,Jeans,White,XS,Nylon,459,2024
Jamdani,Jacket,Green,L,Nylon,275,2022
Gingham,Dress,Blue,XXL,Polyester,631,2022
Gingham,Jacket,Black,XL,Wool,277,2020
Kanjeevaram,Shoes,Red,S,Denim,302,2024
Pashmina,T-shirt,Black,XL,Nylon,921,2020
Banarasi,Jacket,Green,XXL,Wool,781,2024
Pochampally,Sweater,Blue,L,Polyester,342,2024
Tartan,T-shirt,Black,XXL,Polyester,286,2022
Mysore Silk,Jeans,Green,L,Silk,841,2022
Chettinad,Jacket,Blue,XXL,Polyester,735,2021
Paisley,Jacket,Black,S,Wool,652,2022
Bomkai,T-shirt,Red,XS,Polyester,322,2021
Shatoosh,Sweater,Green,XL,Cotton,725,2021
Ajrakh,Sweater,Red,XL,Silk,632,2021
Chikankari,Sweater,Green,M,Polyester,658,2021
Jacquard,Shoes,Red,XS,Polyester,963,2021
Madras Checks,Jeans,White,S,Silk,848,2020
Chettinad,T-shirt,Red,XL,Cotton,430,2022
Sanganeri,Dress,White,XXL,Denim,618,2021
Bagru,Jeans,Black,XXL,Silk,366,2024
Sanganeri,Sweater,Black,XXL,Wool,656,2022
Venkatagiri,Sweater,Red,L,Wool,521,2022
Bhagalpuri,Jacket,Green,XS,Cotton,569,2021
Kotpad,Shoes,Black,L,Polyester,355,2020
Bhagalpuri,Shoes,Black,XXL,Silk,823,2021
Muga,Jeans,Red,L,Nylon,441,2020
Kalamkari,T-shirt,Green,XL,Cotton,324,2024
Leheriya,Sweater,Red,S,Silk,286,2022
Ikat,Dress,Yellow,S,Silk,765,2024
Ikat,Jacket,Red,S,Cotton,704,2020
Paisley,T-shirt,Green,XL,Nylon,913,2020
Pattu,T-shirt,Black,XXL,Wool,592,2024
Mysore Silk,Shoes,Black,M,Denim,593,2020
Toile,T-shirt,Blue,S,Denim,447,2024
Tussar,Shoes,Red,L,Wool,692,2022
Shatoosh,Shoes,Black,L,Polyester,729,2024
Tartan,Shoes,Yellow,XXL,Denim,876,2022
Ikat,Jacket,Black,M,Denim,337,2024
Ajrakh,Dress,White,XS,Polyester,509,2020
Pashmina,Sweater,White,XL,Denim,932,2024
Kanjeevaram,Jacket,Yellow,XL,Wool,809,2020
Paithani,Jacket,Black,L,Nylon,871,2024
Narayanpet,Dress,Black,S,Cotton,750,2024
Chanderi,T-shirt,Green,S,Silk,710,2021
Leheriya,Sweater,Black,M,Polyester,949,2020
Bhagalpuri,Jeans,Yellow,XS,Wool,893,2021
Ajrakh,T-shirt,Green,S,Denim,428,2020
Kotpad,Shoes,Black,S,Silk,736,2021
Paithani,T-shirt,Green,L,Cotton,636,2022
Narayanpet,Dress,White,XXL,Cotton,623,2024
Zardozi,Jeans,White,S,Polyester,632,2020
Venkatagiri,Sweater,Black,XL,Polyester,491,2020
Kanjeevaram,Sweater,Blue,S,Denim,390,2024
Paisley,Sweater,White,S,Nylon,811,2020
Damask,Dress,Green,XS,Cotton,658,2020
Chettinad,Shoes,Yellow,XL,Wool,640,2021
Houndstooth,Jeans,Blue,M,Denim,702,2020
Kanjeevaram,Jeans,Black,XL,Cotton,414,2022
Leheriya,T-shirt,Black,M,Denim,974,2022
Ajrakh,Shoes,Blue,XS,Cotton,801,2024
Bhagalpuri,Jacket,Red,XS,Nylon,873,2020
Bhagalpuri,Jeans,Blue,XXL,Denim,662,2024
Toile,Sweater,Yellow,XXL,Denim,876,2022
Gadwal,Sweater,Black,L,Cotton,480,2020
Pashmina,Jacket,Green,XS,Denim,579,2020
Sambalpuri,Jacket,White,S,Wool,809,2024
Kasavu,T-shirt,Red,XL,Nylon,962,2022
Chettinad,T-shirt,Green,M,Cotton,462,2020
Kotpad,Dress,Blue,XL,Polyester,706,2024
Muga,Shoes,Black,XL,Silk,576,2022
Phulkari,Sweater,Yellow,XL,Cotton,394,2024
Kanjeevaram,Dress,Blue,XL,Wool,973,2021
Sambalpuri,Sweater,Blue,XL,Wool,563,2020
Pattu,Dress,Green,XXL,Polyester,547,2021
Ilkal,T-shirt,Green,XS,Cotton,537,2022
Phulkari,Jeans,Black,XXL,Cotton,563,2021
Sanganeri,Shoes,Green,XL,Cotton,976,2021
Mysore Silk,Jacket,Red,XL,Wool,778,2022
Ikat,Sweater,Black,M,Nylon,876,2024
Kanjeevaram,Shoes,Yellow,XL,Nylon,957,2021
Tartan,T-shirt,Red,XL,Polyester,400,2024
Banarasi,T-shirt,Blue,XXL,Wool,336,2021
Ajrakh,T-shirt,White,XL,Silk,443,2024
Eri,Dress,Green,S,Denim,743,2022
Ajrakh,Shoes,Yellow,XXL,Polyester,732,2021
Patola,Jacket,Black,S,Nylon,807,2022
Damask,T-shirt,Green,S,Silk,830,2021
Venkatagiri,Dress,Red,XL,Polyester,649,2022
Mysore Silk,T-shirt,Blue,XS,Polyester,923,2022
Kosa,Dress,Blue,S,Wool,507,2021
Maheshwari,Shoes,Green,L,Cotton,937,2021
Eri,Jeans,Black,S,Nylon,547,2021
Leheriya,Dress,Black,M,Nylon,943,2020
Jacquard,Sweater,Green,XS,Cotton,435,2024
Bomkai,Jacket,White,XXL,Silk,653,2020
Kasavu,Dress,Green,M,Silk,984,2020
Kasavu,Jacket,Green,M,Silk,573,2022
Seersucker,Dress,White,S,Cotton,900,2021
Kotpad,Jacket,Yellow,M,Wool,481,2024
Leheriya,Shoes,Green,M,Wool,622,2022
Chanderi,Jeans,Yellow,XS,Denim,386,2020
Ikat,Sweater,Red,S,Polyester,286,2021
Kasavu,Sweater,Green,XS,Nylon,603,2022
Shatoosh,Sweater,Green,XL,Cotton,484,2021
Phulkari,Dress,Black,S,Wool,913,2022
Seersucker,Sweater,Green,M,Nylon,906,2021
Gingham,T-shirt,White,XXL,Denim,726,2020
Narayanpet,T-shirt,Yellow,S,Silk,864,2024
Chikankari,Sweater,White,XXL,Cotton,759,2020
Leheriya,Shoes,Yellow,S,Nylon,988,2024
Ilkal,Sweater,Green,XL,Wool,371,2021
Houndstooth,Dress,Yellow,XS,Silk,382,2022
Patola,Sweater,Green,S,Denim,370,2020
Jacquard,Jacket,White,XXL,Polyester,777,2024
Bomkai,Shoes,Red,S,Polyester,430,2020
Muga,Jeans,Yellow,XXL,Polyester,696,2024
Bagru,Dress,Yellow,L,Wool,377,2020
Bhagalpuri,Dress,Yellow,S,Cotton,885,2024
Jamdani,T-shirt,Yellow,XS,Denim,447,2024
Narayanpet,Dress,Green,L,Denim,503,2021
Bhagalpuri,Dress,Green,XXL,Denim,725,2024
Phulkari,Jeans,Red,M,Nylon,931,2021
Bhagalpuri,Shoes,Green,M,Wool,676,2024
Pattu,Jacket,White,S,Nylon,909,2022
Harris Tweed,Jeans,Yellow,XS,Wool,264,2022
Baluchari,Shoes,Red,S,Silk,826,2022
Banarasi,Shoes,Blue,M,Wool,773,2024
Jacquard,Shoes,White,S,Polyester,353,2021
Tartan,Jacket,Black,S,Cotton,433,2021
Bandhani,T-shirt,Red,M,Nylon,770,2024
Narayanpet,Shoes,Black,M,Silk,352,2022
Sambalpuri,Jeans,Yellow,L,Polyester,435,2022
Tussar,Jeans,Blue,L,Denim,691,2021
Gadwal,Jeans,Black,XS,Silk,308,2022
Sambalpuri,Sweater,White,XXL,Nylon,928,2020
Phulkari,Sweater,Red,XXL,Wool,639,2021
Kotpad,Shoes,Green,XS,Cotton,252,2022
Kalamkari,Jeans,White,M,Polyester,499,2021
Eri,Dress,Black,XS,Cotton,330,2020
Bomkai,T-shirt,Green,XS,Nylon,983,2021
Damask,Dress,Black,L,Denim,804,2021
Bomkai,T-shirt,Yellow,M,Silk,441,2021
Toile,Shoes,Green,L,Cotton,756,2021
Sambalpuri,T-shirt,Blue,S,Silk,390,2020
Dabu,Sweater,White,M,Cotton,787,2024
Damask,T-shirt,Red,XL,Nylon,461,2021
Pashmina,Jeans,Blue,XS,Denim,563,2021
Mysore Silk,Jeans,Black,XS,Silk,636,2022
Eri,Shoes,Black,M,Cotton,532,2021
Muga,Shoes,Blue,XL,Cotton,394,2022
Mysore Silk,T-shirt,Black,XXL,Nylon,475,2024
Kotpad,Sweater,Yellow,M,Silk,967,2020
Leheriya,Dress,Red,XS,Cotton,821,2020
Damask,Sweater,White,XXL,Denim,867,2024
Chikankari,Sweater,Yellow,XS,Polyester,723,2020
Muga,Dress,Green,M,Nylon,393,2024
Tussar,Jeans,Red,XXL,Cotton,720,2024
Bomkai,Shoes,Red,S,Nylon,260,2024
Harris Tweed,Jacket,Black,L,Wool,514,2020
Chettinad,Sweater,White,M,Cotton,818,2022
Bagru,Jeans,Green,S,Polyester,408,2024
Damask,T-shirt,White,XL,Denim,268,2021
Maheshwari,Sweater,Blue,XS,Wool,781,2020
Toile,Sweater,White,XS,Nylon,761,2024
Tussar,T-shirt,Green,M,Denim,581,2024
Paithani,Jacket,Blue,XL,Silk,530,2021
Chikankari,Jacket,White,M,Silk,732,2022
Sanganeri,Dress,White,L,Nylon,927,2022
Damask,Shoes,Green,M,Silk,574,2022
Sambalpuri,T-shirt,Green,XS,Silk,546,2024
Leheriya,Jeans,Blue,XS,Polyester,665,2024
Harris Tweed,Jeans,Yellow,XXL,Wool,357,2024
Sanganeri,Jacket,Black,S,Cotton,961,2020
Leheriya,Dress,White,L,Wool,970,2021
Kalamkari,Shoes,Black,XXL,Nylon,980,2024
Baluchari,Dress,Black,XXL,Polyester,292,2021
Venkatagiri,Jeans,Blue,XXL,Denim,690,2021
Zardozi,Shoes,White,S,Nylon,879,2022
Ilkal,Shoes,White,L,Wool,684,2020
Sanganeri,Dress,Black,XS,Polyester,795,2024
Paisley,Shoes,White,XXL,Polyester,737,2022
Ajrakh,Jacket,White,XXL,Wool,630,2022
Kanjeevaram,Jacket,Red,XXL,Denim,344,2024
Bomkai,Dress,Green,M,Cotton,929,2021
Leheriya,Jacket,Blue,XS,Denim,639,2022
Tussar,Shoes,Blue,S,Denim,710,2021
Gadwal,Jacket,Red,S,Wool,272,2020
Sambalpuri,Dress,Green,M,Polyester,750,2021
Muga,Jacket,Black,XXL,Polyester,653,2020
Ajrakh,T-shirt,Blue,XL,Cotton,526,2021
Pashmina,Jacket,Blue,XS,Cotton,894,2022
Tartan,Sweater,Blue,S,Nylon,727,2022
Madras Checks,Jeans,Blue,XL,Nylon,728,2020
Pashmina,T-shirt,Blue,XL,Polyester,674,2024
Zardozi,Dress,Blue,XS,Nylon,741,2020
Ilkal,Jeans,Red,S,Cotton,398,2020
Kanjeevaram,Sweater,Blue,XL,Denim,803,2021
Bomkai,Jeans,Yellow,S,Nylon,790,2021
Muga,Jacket,Green,XL,Nylon,505,2020
Narayanpet,Jeans,Green,XS,Polyester,618,2022
Seersucker,Dress,White,XS,Wool,608,2021
Bandhani,Jacket,Black,S,Wool,274,2024
Dabu,Jacket,White,XS,Silk,891,2021
Paisley,Sweater,Blue,L,Silk,894,2021
Leheriya,Shoes,White,XS,Denim,655,2024
Kalamkari,Jeans,Blue,M,Polyester,765,2020
Phulkari,Shoes,Red,XS,Polyester,438,2024
Gingham,Sweater,Yellow,S,Denim,261,2020
Bagru,Jacket,Green,XXL,Wool,992,2020
Kullu Shawl,Jacket,Green,XL,Polyester,365,2020
Baluchari,Sweater,Black,L,Cotton,274,2024
Houndstooth,Jacket,Blue,S,Polyester,967,2020
Chikankari,Shoes,Red,S,Nylon,699,2022
Shatoosh,Shoes,Black,XL,Polyester,467,2024
Madras Checks,Jeans,Black,XL,Wool,798,2022
Kalamkari,T-shirt,Black,M,Cotton,534,2020
Jacquard,Shoes,Red,S,Silk,813,2021
Kosa,Sweater,Red,L,Cotton,913,2020
Patola,Dress,Blue,M,Cotton,819,2022
Kanjeevaram,T-shirt,Red,M,Nylon,348,2022
Narayanpet,Dress,Black,L,Cotton,986,2024
Kotpad,Jacket,Blue,XL,Polyester,881,2021
Kullu Shawl,T-shirt,Black,XL,Wool,564,2024
Sanganeri,Jacket,Black,S,Cotton,450,2022
Jamdani,Jacket,Green,M,Cotton,472,2020
Toile,Shoes,Red,L,Polyester,832,2021
Tartan,Sweater,White,L,Denim,651,2020
Ikat,Dress,Green,L,Cotton,788,2020
Paithani,Shoes,Green,M,Silk,871,2021
Bagru,Jeans,White,XS,Cotton,900,2024
Baluchari,Sweater,Black,XS,Cotton,590,2020
Tussar,Sweater,White,S,Cotton,638,2022
Tartan,Dress,Red,XXL,Silk,402,2020
Banarasi,Sweater,Black,M,Silk,992,2021
Sambalpuri,Dress,Yellow,XXL,Silk,991,2021
Pochampally,Sweater,Black,M,Silk,750,2021
Ilkal,T-shirt,Black,XS,Cotton,933,2024
Sanganeri,Dress,Red,XL,Polyester,825,2020
Gingham,Jeans,Black,XS,Wool,376,2024
Pashmina,Shoes,White,XXL,Wool,776,2024
Kosa,Sweater,Black,M,Cotton,611,2021
Phulkari,Shoes,Green,XXL,Nylon,665,2021
Bhagalpuri,T-shirt,White,L,Wool,351,2024
Sanganeri,Shoes,White,M,Silk,979,2020
Pashmina,Jeans,Black,S,Nylon,735,2022
Chanderi,Sweater,Red,XS,Polyester,636,2024
Tartan,Sweater,Green,S,Denim,453,2020
Chikankari,Shoes,White,XS,Nylon,295,2021
Jacquard,Shoes,Blue,XS,Polyester,797,2021
Venkatagiri,Shoes,White,S,Nylon,320,2020
Maheshwari,Jacket,Blue,S,Wool,430,2022
Venkatagiri,Sweater,Black,L,Silk,385,2021
Jamdani,Jeans,Green,XXL,Polyester,387,2021
Harris Tweed,Jeans,Yellow,S,Polyester,252,2021
Pashmina,T-shirt,White,XL,Nylon,948,2020
Ikat,Jacket,Blue,M,Silk,352,2024
Chanderi,T-shirt,White,XXL,Cotton,759,2021
Chikankari,T-shirt,Green,L,Polyester,911,2024
Venkatagiri,Sweater,White,XS,Silk,590,2022
Damask,T-shirt,Blue,XXL,Cotton,487,2021
Tussar,Dress,White,XL,Polyester,884,2021
Kasavu,Jacket,Green,S,Silk,448,2022
Kullu Shawl,Sweater,Black,S,Denim,743,2021
Pochampally,Dress,Green,XL,Polyester,386,2024
Gingham,Jeans,Green,M,Wool,348,2020
Tartan,Jacket,Red,XL,Silk,670,2024
Mysore Silk,Jeans,Black,XS,Nylon,430,2020
Tartan,Shoes,White,XXL,Nylon,939,2020
Paisley,Jeans,Yellow,XL,Denim,611,2024
Gadwal,Sweater,White,XXL,Cotton,404,2024
Ajrakh,Dress,White,L,Wool,477,2024
Gadwal,Jacket,Blue,XL,Denim,852,2024
Bandhani,Sweater,Green,XL,Cotton,611,2022
Kotpad,T-shirt,Green,XS,Nylon,785,2021
Sambalpuri,Jacket,Black,XS,Silk,370,2020
Bomkai,Sweater,Red,M,Denim,747,2024
Sanganeri,Jacket,White,XS,Wool,894,2024
Maheshwari,Jacket,Blue,XS,Polyester,869,2024
Dabu,Sweater,Yellow,XS,Denim,808,2022
Paisley,Jeans,Green,XL,Denim,820,2024
Harris Tweed,Jeans,Red,XL,Polyester,818,2024
Damask,Sweater,Blue,XS,Silk,553,2024
Zardozi,Jacket,Blue,S,Nylon,804,2021
Kantha,Jeans,Yellow,XS,Denim,499,2022
Ilkal,Dress,Black,XS,Denim,350,2024
Ikat,T-shirt,White,XXL,Cotton,298,2020
Chanderi,T-shirt,Blue,M,Nylon,909,2020
Ajrakh,Dress,Blue,XS,Silk,990,2020
Muga,Dress,White,XS,Nylon,509,2022
Bandhani,Dress,Yellow,XXL,Cotton,630,2022
Leheriya,Jacket,White,M,Cotton,607,2020
Phulkari,Jeans,Green,XS,Wool,319,2024
Mysore Silk,Dress,Black,XS,Denim,817,2022
Ajrakh,Sweater,Yellow,L,Wool,967,2020
Jamdani,Shoes,Green,XXL,Wool,703,2020
Kullu Shawl,T-shirt,Yellow,M,Denim,708,2024
Leheriya,T-shirt,White,M,Nylon,897,2021
Eri,Dress,White,L,Denim,523,2022
Venkatagiri,Jeans,Yellow,M,Polyester,274,2024
Jamdani,Dress,White,XXL,Nylon,631,2020
Venkatagiri,Sweater,Yellow,S,Denim,924,2020
Sambalpuri,Dress,Red,XL,Cotton,285,2024
Bhagalpuri,Jacket,White,XL,Wool,834,2022
Jamdani,Dress,Yellow,XXL,Silk,554,2021
Jacquard,Jacket,White,M,Polyester,963,2021
Venkatagiri,Jeans,Green,XL,Nylon,594,2020
Venkatagiri,Shoes,Green,XS,Polyester,687,2022
Kotpad,Jeans,Blue,XS,Silk,718,2021
Harris Tweed,Sweater,White,S,Denim,778,2022
Sambalpuri,Jeans,Red,L,Wool,842,2022
Kosa,Jacket,Green,XXL,Wool,558,2020
Bagru,Jeans,Red,XL,Cotton,446,2021
Kalamkari,Jacket,Blue,S,Denim,814,2024
Kasavu,Sweater,Red,XL,Denim,658,2020
Maheshwari,Jacket,Green,XS,Nylon,296,2021
Chikankari,Dress,Black,S,Cotton,491,2021
Venkatagiri,Jeans,Red,XXL,Polyester,781,2021
Toile,T-shirt,White,S,Silk,402,2021
Narayanpet,Dress,Red,L,Denim,501,2021
Chikankari,Shoes,Black,XS,Silk,956,2022
Houndstooth,Jacket,Yellow,S,Denim,628,2020
Bomkai,Shoes,Black,XS,Cotton,971,2022
Pochampally,Shoes,Yellow,XS,Cotton,588,2024
Dabu,Shoes,Black,M,Polyester,818,2021
Kanjeevaram,Dress,Red,M,Wool,340,2020
Paisley,Dress,Yellow,L,Silk,999,2021
Tussar,Dress,Yellow,XS,Denim,483,2020
Patola,Dress,Black,M,Denim,662,2022
Phulkari,Jacket,Red,XXL,Cotton,646,2020
Chettinad,Jeans,Red,XXL,Denim,289,2024
Jacquard,Jeans,Red,XL,Silk,572,2024
Tartan,Dress,Yellow,XS,Wool,608,2020
Kanjeevaram,T-shirt,Yellow,S,Silk,999,2020
Kasavu,Jeans,White,XS,Wool,697,2020
Ikat,Jacket,White,S,Wool,846,2020
Dabu,Jacket,Yellow,L,Nylon,978,2024
Mysore Silk,Jeans,Red,M,Polyester,542,2021
Paisley,Jacket,Blue,XL,Silk,845,2020
Damask,Jacket,Blue,M,Wool,534,2020
Bandhani,Sweater,Yellow,XXL,Silk,500,2024
Gadwal,Jacket,Yellow,S,Cotton,984,2024
Bhagalpuri,Jeans,Red,XXL,Polyester,654,2022
Tussar,Jeans,Red,L,Polyester,410,2020
Paithani,Shoes,Blue,S,Cotton,396,2022
Kosa,Shoes,Blue,XXL,Cotton,607,2024
Damask,T-shirt,Black,L,Silk,592,2024
Chikankari,Dress,Red,XXL,Nylon,776,2021
Kasavu,Jeans,Green,L,Silk,841,2020
Pattu,Jacket,Black,XXL,Silk,716,2022
Harris Tweed,Shoes,Red,XL,Wool,688,2024
Bomkai,Shoes,Green,XL,Silk,384,2024
Ikat,T-shirt,Green,M,Polyester,485,2022
Gadwal,Sweater,Yellow,XL,Denim,405,2021
Toile,Shoes,Yellow,S,Nylon,341,2024
Pochampally,T-shirt,Green,S,Cotton,881,2020
Venkatagiri,Jacket,Green,XXL,Polyester,703,2024
Bagru,Jeans,White,XXL,Cotton,865,2020
Kanjeevaram,T-shirt,Black,L,Wool,940,2022
Ilkal,Jacket,Green,M,Silk,983,2020
Kanjeevaram,Sweater,Yellow,XXL,Wool,747,2022
Kullu Shawl,Shoes,Yellow,M,Cotton,960,2020
Chanderi,T-shirt,Yellow,M,Silk,668,2022
Muga,Jacket,Blue,L,Denim,605,2020
Kotpad,Dress,Black,XL,Denim,996,2021
Kotpad,Jeans,Black,XS,Silk,598,2020
Phulkari,Jacket,Black,S,Wool,426,2020
Phulkari,Dress,White,L,Cotton,255,2021
Sanganeri,Jeans,Blue,S,Nylon,618,2024
Bagru,Shoes,Black,XL,Wool,764,2024
Gadwal,Jeans,Blue,XL,Polyester,265,2020
Zardozi,Jeans,Blue,L,Polyester,712,2021
Kalamkari,Dress,Green,L,Polyester,835,2020
Houndstooth,T-shirt,Blue,XS,Cotton,523,2022
Ikat,Shoes,Red,M,Polyester,648,2022
Tartan,Dress,Red,XS,Polyester,251,2020
Chikankari,Dress,White,L,Silk,749,2024
Banarasi,Jacket,White,XS,Silk,385,2024
Ikat,Jacket,Black,XXL,Silk,863,2020
Damask,Sweater,Red,XXL,Cotton,916,2020
Shatoosh,Dress,White,XXL,Polyester,437,2022
Mysore Silk,Dress,White,S,Wool,566,2024
Pattu,Sweater,Green,XL,Polyester,630,2020
Venkatagiri,Dress,Red,XL,Silk,856,2022
Ilkal,Dress,Blue,XS,Denim,494,2024
Jamdani,Sweater,White,XXL,Polyester,532,2021
Pashmina,Sweater,White,M,Silk,290,2022
Bhagalpuri,Sweater,Red,L,Polyester,751,2024
Pattu,Jeans,Yellow,XL,Denim,488,2024
Chanderi,Jacket,White,XS,Cotton,729,2022
Jacquard,Sweater,Green,L,Nylon,903,2021
Leheriya,Jeans,Black,XL,Nylon,323,2022
Ikat,Shoes,Yellow,XXL,Polyester,914,2024
Gingham,Jacket,Green,XS,Wool,452,2020
Kanjeevaram,Sweater,Green,L,Polyester,514,2020
Chettinad,Shoes,Green,M,Denim,947,2022
Chettinad,Dress,Red,XS,Polyester,458,2024
Bagru,Dress,Red,XS,Nylon,807,2020
Toile,Jacket,Yellow,XS,Polyester,323,2024
Paisley,T-shirt,Yellow,XL,Polyester,974,2022
Muga,Jacket,Blue,M,Silk,753,2020
Kantha,Jeans,Blue,XXL,Polyester,580,2024
Kotpad,Dress,Blue,M,Silk,265,2020
Gadwal,Shoes,Green,XXL,Cotton,670,2022
Zardozi,Shoes,Black,XS,Wool,348,2024
Patola,Dress,Blue,XXL,Polyester,620,2020
Bandhani,Sweater,Yellow,XS,Silk,430,2022
Pashmina,Jeans,Black,M,Denim,308,2020
Kullu Shawl,T-shirt,Blue,L,Denim,336,2020
Pattu,Jeans,Red,XS,Silk,408,2021
Kullu Shawl,Jeans,White,M,Denim,399,2021
Jacquard,Jeans,Blue,XL,Denim,552,2022
Pattu,Jeans,Blue,M,Polyester,911,2021
Dabu,T-shirt,Green,L,Nylon,652,2022
Chettinad,Jeans,Green,XS,Nylon,939,2021
Kantha,T-shirt,Blue,XXL,Polyester,633,2020
Kosa,Jacket,Green,M,Polyester,447,2022
Pattu,Shoes,Red,S,Nylon,498,2022
Kullu Shawl,Jeans,Black,XS,Polyester,320,2020
Kasavu,Sweater,Black,XS,Polyester,367,2022
Eri,T-shirt,Green,S,Nylon,311,2022
Kantha,Shoes,Blue,XS,Silk,293,2021
Chettinad,Shoes,Red,XL,Cotton,733,2022
Madras Checks,T-shirt,Red,XL,Polyester,776,2024
Bagru,Shoes,Yellow,L,Nylon,936,2020
Kanjeevaram,Jeans,Green,XXL,Denim,878,2021
Narayanpet,Sweater,Yellow,L,Polyester,478,2021
Banarasi,Shoes,Green,M,Polyester,384,2024
Phulkari,Shoes,Yellow,M,Silk,590,2020
Bagru,Sweater,White,XL,Cotton,823,2020
Phulkari,Jeans,Blue,XS,Polyester,447,2021
Bagru,Sweater,Green,XXL,Cotton,919,2022
Maheshwari,T-shirt,Black,XXL,Nylon,626,2021
Eri,Shoes,Green,S,Nylon,540,2020
Kanjeevaram,Jeans,Black,XXL,Denim,501,2024
Pattu,Jeans,Yellow,XL,Wool,367,2021
Pochampally,Jeans,Yellow,L,Silk,787,2020
Patola,Jacket,Blue,L,Nylon,660,2021
Chikankari,Jeans,Black,L,Denim,698,2022
Seersucker,Dress,Blue,XXL,Polyester,584,2021
Seersucker,Dress,Red,XXL,Polyester,306,2021
Toile,T-shirt,Black,S,Nylon,443,2020
Bandhani,Jacket,Green,L,Wool,964,2020
Paisley,Jacket,Black,L,Denim,790,2020
Muga,Sweater,Yellow,M,Silk,913,2021
Ajrakh,Jeans,White,XS,Denim,305,2022
Ilkal,Dress,White,XXL,Wool,465,2024
Bandhani,Jacket,Blue,XS,Cotton,614,2024
Ajrakh,Dress,Red,S,Silk,296,2020
Jamdani,Dress,Blue,L,Silk,307,2020
Banarasi,Jeans,Red,M,Polyester,855,2021
Shatoosh,Dress,White,XS,Silk,510,2024
Banarasi,T-shirt,Yellow,S,Silk,659,2020
Tussar,T-shirt,White,M,Polyester,283,2022
Chanderi,Jacket,White,L,Silk,498,2022
Mysore Silk,Jacket,Blue,S,Wool,751,2020
Chanderi,Sweater,Green,XXL,Silk,939,2020
Kosa,Dress,Green,M,Nylon,852,2024
Narayanpet,Jacket,Blue,XS,Silk,679,2024
Mysore Silk,Jeans,White,XL,Silk,345,2021
Jacquard,Jacket,White,XS,Cotton,627,2024
Sanganeri,T-shirt,Blue,XL,Cotton,781,2022
Gadwal,Dress,Red,S,Denim,508,2022
Kanjeevaram,T-shirt,Blue,M,Wool,483,2020
Dabu,Jacket,White,M,Cotton,445,2024
Venkatagiri,Jacket,White,M,Denim,321,2021
Madras Checks,T-shirt,Red,L,Wool,581,2022
Paithani,Shoes,Blue,XS,Denim,432,2022
Gadwal,Sweater,White,XL,Cotton,654,2021
Pochampally,Sweater,Blue,L,Cotton,547,2021
Ikat,Jacket,Black,S,Polyester,398,2022
Kanjeevaram,Sweater,Red,S,Wool,538,2022
Harris Tweed,T-shirt,Yellow,XXL,Denim,397,2021
Leheriya,Dress,Green,XXL,Silk,429,2022
Bhagalpuri,Jacket,Red,L,Cotton,953,2020
Houndstooth,Jeans,Blue,XXL,Wool,979,2020
Pattu,Shoes,White,XL,Silk,441,2021
Damask,Sweater,Green,S,Cotton,503,2024
Zardozi,Sweater,Blue,XXL,Nylon,620,2021
Bhagalpuri,Jeans,Yellow,XXL,Silk,310,2021
Tartan,Shoes,Red,XXL,Cotton,410,2024
Kosa,Jeans,White,XS,Cotton,931,2024
Kalamkari,Shoes,White,S,Denim,393,2024
Bhagalpuri,T-shirt,Red,XL,Silk,950,2020
Paisley,Shoes,Blue,XXL,Wool,409,2022
Paithani,T-shirt,Blue,XS,Polyester,823,2020
Paisley,Sweater,Red,L,Denim,527,2022
Chettinad,Shoes,Blue,XL,Cotton,626,2020
Seersucker,Dress,Red,XS,Wool,465,2022
Toile,T-shirt,Black,XXL,Nylon,601,2020
Bagru,Shoes,Yellow,XS,Denim,812,2024
Bhagalpuri,T-shirt,White,XS,Silk,601,2021
Sambalpuri,Jacket,Red,XL,Wool,862,2020
Ikat,Shoes,White,XXL,Wool,954,2022
Jamdani,Jacket,Yellow,M,Wool,360,2024
Damask,T-shirt,Yellow,S,Polyester,285,2020
Bomkai,Dress,Black,M,Polyester,334,2020
Kantha,Sweater,Red,XXL,Denim,367,2024
Paisley,Jeans,Blue,S,Denim,410,2020
Paithani,Shoes,Blue,XL,Nylon,567,2021
Zardozi,T-shirt,Red,S,Cotton,278,2020
Bhagalpuri,Dress,Red,XXL,Polyester,712,2021
Venkatagiri,Dress,Yellow,XL,Denim,479,2021
Muga,Dress,Yellow,XS,Polyester,833,2024
Zardozi,T-shirt,White,L,Polyester,258,2020
Eri,T-shirt,Green,M,Polyester,568,2024
Patola,Shoes,Yellow,M,Denim,592,2020
Tartan,Shoes,Red,XL,Denim,496,2020
Bhagalpuri,Dress,Green,S,Nylon,846,2022
Zardozi,Dress,Yellow,S,Wool,337,2020
Baluchari,Shoes,Blue,L,Silk,502,2024
Chanderi,T-shirt,Yellow,XS,Silk,427,2021
Paisley,Sweater,Yellow,S,Wool,645,2020
Muga,T-shirt,Yellow,S,Cotton,861,2022
Houndstooth,Jacket,Yellow,XXL,Nylon,357,2024
Seersucker,Dress,Black,XS,Nylon,894,2020
Paisley,Sweater,Red,L,Polyester,501,2024
Tartan,Jeans,Green,S,Wool,984,2022
Dabu,T-shirt,Red,XL,Polyester,619,2022
Kullu Shawl,Dress,Yellow,XS,Silk,472,2024
Bomkai,T-shirt,Blue,S,Silk,348,2020
Kantha,Jeans,Green,L,Wool,521,2021
Tussar,T-shirt,White,M,Silk,947,2022
Kotpad,Sweater,Red,XL,Denim,860,2020
Venkatagiri,Jeans,White,XXL,Nylon,753,2020
Phulkari,Jacket,Blue,XL,Polyester,894,2021
Pashmina,Jacket,Yellow,XL,Nylon,773,2022
Bagru,Dress,Blue,XL,Wool,581,2022
Pashmina,Jacket,Red,M,Wool,931,2020
Paithani,T-shirt,Green,M,Silk,277,2020
Bhagalpuri,Sweater,Red,M,Cotton,761,2021
Gingham,Jacket,Blue,M,Denim,980,2021
Tussar,Dress,Blue,L,Cotton,782,2022
Bagru,T-shirt,Red,S,Wool,943,2024
Chikankari,Dress,White,M,Nylon,468,2022
Maheshwari,Dress,White,M,Denim,420,2020
Tussar,Sweater,Red,L,Polyester,452,2022
Banarasi,Shoes,Red,XS,Cotton,738,2024
Phulkari,Sweater,Blue,L,Cotton,752,2021
Chanderi,Dress,Black,XS,Nylon,348,2024
Harris Tweed,Dress,Red,XL,Wool,950,2024
Tartan,Jacket,Yellow,L,Silk,690,2024
Dabu,Jacket,Blue,XL,Denim,441,2021
Paisley,Jeans,Black,XS,Nylon,825,2024
Sambalpuri,Shoes,Green,L,Wool,326,2024
Paisley,Sweater,Black,XS,Denim,273,2024
Paithani,Shoes,Green,XS,Denim,594,2020
Pattu,Jacket,Black,XL,Polyester,452,2024
Paisley,Dress,Blue,XS,Wool,364,2021
Jamdani,Jacket,Yellow,S,Silk,670,2024
Shatoosh,Jeans,Blue,M,Wool,336,2024
Damask,Jacket,Black,L,Wool,526,2021
Gingham,Dress,Black,XL,Nylon,795,2024
Sanganeri,Jacket,Green,M,Silk,986,2021
Madras Checks,Jacket,Red,XL,Silk,463,2024
Harris Tweed,Sweater,Blue,S,Cotton,854,2021
Kotpad,Sweater,Green,XXL,Cotton,566,2024
Pochampally,Jeans,Black,M,Polyester,962,2024
Bhagalpuri,Jeans,Black,L,Polyester,957,2020
Pattu,Jacket,Red,XXL,Silk,771,2020
Tartan,Sweater,Blue,XS,Denim,516,2024
Pochampally,Sweater,Black,XXL,Denim,768,2024
Kotpad,Jacket,Yellow,XS,Wool,589,2022
